"","value","date"
"1",689974,"1/1/2005"
"2",769574,"1/1/2011"
"3",486272,"1/10/2004"
"4",758267,"1/10/2009"
"5",379991,"1/10/2015"
"6",537926,"1/11/2003"
"7",412869,"1/11/2014"
"8",277800,"1/11/2020"
"9",553000,"1/12/2002"
"10",410675,"1/12/2008"
"11",432226,"1/12/2013"
"12",266552,"1/12/2019"
"13",392588,"1/13/2001"
"14",362439,"1/13/2007"
"15",257333,"1/13/2018"
"16",314233,"1/14/2006"
"17",412727,"1/14/2012"
"18",281260,"1/14/2017"
"19",323738,"1/15/2000"
"20",356641,"1/15/2005"
"21",481469,"1/15/2011"
"22",500995,"1/16/2010"
"23",293402,"1/16/2016"
"24",378372,"1/17/2004"
"25",614306,"1/17/2009"
"26",279339,"1/17/2015"
"27",430425,"1/18/2003"
"28",355154,"1/18/2014"
"29",225439,"1/18/2020"
"30",426589,"1/19/2002"
"31",365689,"1/19/2008"
"32",365055,"1/19/2013"
"33",248471,"1/19/2019"
"34",821552,"1/2/2010"
"35",500790,"1/2/2016"
"36",438446,"1/20/2001"
"37",355691,"1/20/2007"
"38",264775,"1/20/2018"
"39",314674,"1/21/2006"
"40",418416,"1/21/2012"
"41",278432,"1/21/2017"
"42",327860,"1/22/2000"
"43",359737,"1/22/2005"
"44",459470,"1/22/2011"
"45",532798,"1/23/2010"
"46",309638,"1/23/2016"
"47",402361,"1/24/2004"
"48",675542,"1/24/2009"
"49",303771,"1/24/2015"
"50",444332,"1/25/2003"
"51",354775,"1/25/2014"
"52",221971,"1/25/2020"
"53",440326,"1/26/2002"
"54",376337,"1/26/2008"
"55",383966,"1/26/2013"
"56",252457,"1/26/2019"
"57",416730,"1/27/2001"
"58",335334,"1/27/2007"
"59",240083,"1/27/2018"
"60",317726,"1/28/2006"
"61",397053,"1/28/2012"
"62",257200,"1/28/2017"
"63",360093,"1/29/2000"
"64",342978,"1/29/2005"
"65",435023,"1/29/2011"
"66",674487,"1/3/2004"
"67",952201,"1/3/2009"
"68",526816,"1/3/2015"
"69",506458,"1/30/2010"
"70",288340,"1/30/2016"
"71",429037,"1/31/2004"
"72",703452,"1/31/2009"
"73",321648,"1/31/2015"
"74",719438,"1/4/2003"
"75",531109,"1/4/2014"
"76",336232,"1/4/2020"
"77",794196,"1/5/2002"
"78",542613,"1/5/2008"
"79",552368,"1/5/2013"
"80",339740,"1/5/2019"
"81",593572,"1/6/2001"
"82",501034,"1/6/2007"
"83",350308,"1/6/2018"
"84",435572,"1/7/2006"
"85",522482,"1/7/2012"
"86",349750,"1/7/2017"
"87",437137,"1/8/2000"
"88",463124,"1/8/2005"
"89",546193,"1/8/2011"
"90",654578,"1/9/2010"
"91",374925,"1/9/2016"
"92",375574,"10/1/2005"
"93",401628,"10/1/2011"
"94",235443,"10/1/2016"
"95",460087,"10/10/2009"
"96",230847,"10/10/2015"
"97",325467,"10/11/2003"
"98",412790,"10/11/2008"
"99",253746,"10/11/2014"
"100",345903,"10/12/2002"
"101",308652,"10/12/2013"
"102",185314,"10/12/2019"
"103",423421,"10/13/2001"
"104",304015,"10/13/2007"
"105",341493,"10/13/2012"
"106",196558,"10/13/2018"
"107",259286,"10/14/2000"
"108",287357,"10/14/2006"
"109",211509,"10/14/2017"
"110",300919,"10/15/2005"
"111",373185,"10/15/2011"
"112",235115,"10/15/2016"
"113",314242,"10/16/2004"
"114",404279,"10/16/2010"
"115",495959,"10/17/2009"
"116",242901,"10/17/2015"
"117",349019,"10/18/2003"
"118",445523,"10/18/2008"
"119",268604,"10/18/2014"
"120",371653,"10/19/2002"
"121",321240,"10/19/2013"
"122",197138,"10/19/2019"
"123",334191,"10/2/2004"
"124",458277,"10/2/2010"
"125",431642,"10/20/2001"
"126",300138,"10/20/2007"
"127",336269,"10/20/2012"
"128",196720,"10/20/2018"
"129",265294,"10/21/2000"
"130",297948,"10/21/2006"
"131",209116,"10/21/2017"
"132",291312,"10/22/2005"
"133",365479,"10/22/2011"
"134",243678,"10/22/2016"
"135",302264,"10/23/2004"
"136",416885,"10/23/2010"
"137",483239,"10/24/2009"
"138",256327,"10/24/2015"
"139",342195,"10/25/2003"
"140",462280,"10/25/2008"
"141",264532,"10/25/2014"
"142",393688,"10/26/2002"
"143",328734,"10/26/2013"
"144",204001,"10/26/2019"
"145",439205,"10/27/2001"
"146",322912,"10/27/2007"
"147",358826,"10/27/2012"
"148",213018,"10/27/2018"
"149",338535,"10/28/2000"
"150",323520,"10/28/2006"
"151",233148,"10/28/2017"
"152",337029,"10/29/2005"
"153",398887,"10/29/2011"
"154",256432,"10/29/2016"
"155",509430,"10/3/2009"
"156",253331,"10/3/2015"
"157",348841,"10/30/2004"
"158",448441,"10/30/2010"
"159",532685,"10/31/2009"
"160",288820,"10/31/2015"
"161",364660,"10/4/2003"
"162",449259,"10/4/2008"
"163",270960,"10/4/2014"
"164",380822,"10/5/2002"
"165",356825,"10/5/2013"
"166",199694,"10/5/2019"
"167",421558,"10/6/2001"
"168",302476,"10/6/2007"
"169",358918,"10/6/2012"
"170",188222,"10/6/2018"
"171",249752,"10/7/2000"
"172",268885,"10/7/2006"
"173",202584,"10/7/2017"
"174",299551,"10/8/2005"
"175",352034,"10/8/2011"
"176",231544,"10/8/2016"
"177",276864,"10/9/2004"
"178",388731,"10/9/2010"
"179",393906,"11/1/2003"
"180",536548,"11/1/2008"
"181",306833,"11/1/2014"
"182",416376,"11/10/2001"
"183",320255,"11/10/2007"
"184",400674,"11/10/2012"
"185",225042,"11/10/2018"
"186",371922,"11/11/2000"
"187",364315,"11/11/2006"
"188",267431,"11/11/2017"
"189",365675,"11/12/2005"
"190",436840,"11/12/2011"
"191",285726,"11/12/2016"
"192",353146,"11/13/2004"
"193",461624,"11/13/2010"
"194",542524,"11/14/2009"
"195",303570,"11/14/2015"
"196",394733,"11/15/2003"
"197",605502,"11/15/2008"
"198",355202,"11/15/2014"
"199",433389,"11/16/2002"
"200",366823,"11/16/2013"
"201",250885,"11/16/2019"
"202",436160,"11/17/2001"
"203",323739,"11/17/2007"
"204",356975,"11/17/2012"
"205",217512,"11/17/2018"
"206",317655,"11/18/2000"
"207",323300,"11/18/2006"
"208",221446,"11/18/2017"
"209",288601,"11/19/2005"
"210",369338,"11/19/2011"
"211",248564,"11/19/2016"
"212",423572,"11/2/2002"
"213",361162,"11/2/2013"
"214",237197,"11/2/2019"
"215",318370,"11/20/2004"
"216",409770,"11/20/2010"
"217",458607,"11/21/2009"
"218",261081,"11/21/2015"
"219",355174,"11/22/2003"
"220",534153,"11/22/2008"
"221",292905,"11/22/2014"
"222",382759,"11/23/2002"
"223",320267,"11/23/2013"
"224",215421,"11/23/2019"
"225",600932,"11/24/2001"
"226",458764,"11/24/2007"
"227",496309,"11/24/2012"
"228",316015,"11/24/2018"
"229",442847,"11/25/2000"
"230",444911,"11/25/2006"
"231",318289,"11/25/2017"
"232",441502,"11/26/2005"
"233",525898,"11/26/2011"
"234",349563,"11/26/2016"
"235",470544,"11/27/2004"
"236",582850,"11/27/2010"
"237",670369,"11/28/2009"
"238",382352,"11/28/2015"
"239",482865,"11/29/2003"
"240",755824,"11/29/2008"
"241",386908,"11/29/2014"
"242",452027,"11/3/2001"
"243",348743,"11/3/2007"
"244",475740,"11/3/2012"
"245",234208,"11/3/2018"
"246",544147,"11/30/2002"
"247",460667,"11/30/2013"
"248",315891,"11/30/2019"
"249",290634,"11/4/2000"
"250",283082,"11/4/2006"
"251",229427,"11/4/2017"
"252",280987,"11/5/2005"
"253",359173,"11/5/2011"
"254",222421,"11/5/2016"
"255",309044,"11/6/2004"
"256",405608,"11/6/2010"
"257",474843,"11/7/2009"
"258",262960,"11/7/2015"
"259",345129,"11/8/2003"
"260",509556,"11/8/2008"
"261",284395,"11/8/2014"
"262",370051,"11/9/2002"
"263",324838,"11/9/2013"
"264",226295,"11/9/2019"
"265",487616,"12/1/2001"
"266",420202,"12/1/2007"
"267",425649,"12/1/2012"
"268",259847,"12/1/2018"
"269",356615,"12/10/2005"
"270",417267,"12/10/2011"
"271",313405,"12/10/2016"
"272",372334,"12/11/2004"
"273",491512,"12/11/2010"
"274",566947,"12/12/2009"
"275",317438,"12/12/2015"
"276",421133,"12/13/2003"
"277",715531,"12/13/2008"
"278",338434,"12/13/2014"
"279",479980,"12/14/2002"
"280",415577,"12/14/2013"
"281",285337,"12/14/2019"
"282",525406,"12/15/2001"
"283",453232,"12/15/2007"
"284",453361,"12/15/2012"
"285",289641,"12/15/2018"
"286",477100,"12/16/2000"
"287",421523,"12/16/2006"
"288",321630,"12/16/2017"
"289",429783,"12/17/2005"
"290",494400,"12/17/2011"
"291",340971,"12/17/2016"
"292",443481,"12/18/2004"
"293",522170,"12/18/2010"
"294",557643,"12/19/2009"
"295",344346,"12/19/2015"
"296",386141,"12/2/2000"
"297",381324,"12/2/2006"
"298",275657,"12/2/2017"
"299",513419,"12/20/2003"
"300",714832,"12/20/2008"
"301",387851,"12/20/2014"
"302",617300,"12/21/2002"
"303",450004,"12/21/2013"
"304",311128,"12/21/2019"
"305",643741,"12/22/2001"
"306",505823,"12/22/2007"
"307",487369,"12/22/2012"
"308",325403,"12/22/2018"
"309",564988,"12/23/2000"
"310",498878,"12/23/2006"
"311",348854,"12/23/2017"
"312",472927,"12/24/2005"
"313",536515,"12/24/2011"
"314",348570,"12/24/2016"
"315",537428,"12/25/2004"
"316",575127,"12/25/2010"
"317",647004,"12/26/2009"
"318",404906,"12/26/2015"
"319",550038,"12/27/2003"
"320",729714,"12/27/2008"
"321",438703,"12/27/2014"
"322",616955,"12/28/2002"
"323",487837,"12/28/2013"
"324",334151,"12/28/2019"
"325",634277,"12/29/2001"
"326",522030,"12/29/2007"
"327",554755,"12/29/2012"
"328",348695,"12/29/2018"
"329",389332,"12/3/2005"
"330",432508,"12/3/2011"
"331",303394,"12/3/2016"
"332",554099,"12/30/2000"
"333",505075,"12/30/2006"
"334",401647,"12/30/2017"
"335",552101,"12/31/2005"
"336",643085,"12/31/2011"
"337",412501,"12/31/2016"
"338",367943,"12/4/2004"
"339",488108,"12/4/2010"
"340",556979,"12/5/2009"
"341",311487,"12/5/2015"
"342",409567,"12/6/2003"
"343",626063,"12/6/2008"
"344",325841,"12/6/2014"
"345",482463,"12/7/2002"
"346",412169,"12/7/2013"
"347",268931,"12/7/2019"
"348",437340,"12/8/2001"
"349",390754,"12/8/2007"
"350",398216,"12/8/2012"
"351",253650,"12/8/2018"
"352",399120,"12/9/2000"
"353",359042,"12/9/2006"
"354",282337,"12/9/2017"
"355",433944,"2/1/2003"
"356",357383,"2/1/2014"
"357",217271,"2/1/2020"
"358",341274,"2/10/2001"
"359",302744,"2/10/2007"
"360",210218,"2/10/2018"
"361",266336,"2/11/2006"
"362",342439,"2/11/2012"
"363",237429,"2/11/2017"
"364",276710,"2/12/2000"
"365",300687,"2/12/2005"
"366",376283,"2/12/2011"
"367",453082,"2/13/2010"
"368",247034,"2/13/2016"
"369",325088,"2/14/2004"
"370",600826,"2/14/2009"
"371",278697,"2/14/2015"
"372",384036,"2/15/2003"
"373",310330,"2/15/2014"
"374",197411,"2/15/2020"
"375",363535,"2/16/2002"
"376",326893,"2/16/2008"
"377",307207,"2/16/2013"
"378",201485,"2/16/2019"
"379",353444,"2/17/2001"
"380",296157,"2/17/2007"
"381",194853,"2/17/2018"
"382",269546,"2/18/2006"
"383",330514,"2/18/2012"
"384",210980,"2/18/2017"
"385",255211,"2/19/2000"
"386",287992,"2/19/2005"
"387",349882,"2/19/2011"
"388",433061,"2/2/2002"
"389",373774,"2/2/2008"
"390",356640,"2/2/2013"
"391",240644,"2/2/2019"
"392",469951,"2/20/2010"
"393",263699,"2/20/2016"
"394",338897,"2/21/2004"
"395",641007,"2/21/2009"
"396",313354,"2/21/2015"
"397",425440,"2/22/2003"
"398",315468,"2/22/2014"
"399",215197,"2/22/2020"
"400",380696,"2/23/2002"
"401",341920,"2/23/2008"
"402",331515,"2/23/2013"
"403",218957,"2/23/2019"
"404",375100,"2/24/2001"
"405",316965,"2/24/2007"
"406",224557,"2/24/2018"
"407",298273,"2/25/2006"
"408",365187,"2/25/2012"
"409",241565,"2/25/2017"
"410",278717,"2/26/2000"
"411",328609,"2/26/2005"
"412",403520,"2/26/2011"
"413",457655,"2/27/2010"
"414",245609,"2/27/2016"
"415",335546,"2/28/2004"
"416",647591,"2/28/2009"
"417",275685,"2/28/2015"
"418",390374,"2/3/2001"
"419",359187,"2/3/2007"
"420",231343,"2/3/2018"
"421",306674,"2/4/2006"
"422",360437,"2/4/2012"
"423",243564,"2/4/2017"
"424",307376,"2/5/2000"
"425",305807,"2/5/2005"
"426",419420,"2/5/2011"
"427",476004,"2/6/2010"
"428",256309,"2/6/2016"
"429",338074,"2/7/2004"
"430",614507,"2/7/2009"
"431",275659,"2/7/2015"
"432",393725,"2/8/2003"
"433",320403,"2/8/2014"
"434",207235,"2/8/2020"
"435",371893,"2/9/2002"
"436",322855,"2/9/2008"
"437",347166,"2/9/2013"
"438",209135,"2/9/2019"
"439",410463,"3/1/2003"
"440",337978,"3/1/2008"
"441",299729,"3/1/2014"
"442",347797,"3/10/2001"
"443",273806,"3/10/2007"
"444",315653,"3/10/2012"
"445",197201,"3/10/2018"
"446",238413,"3/11/2000"
"447",266162,"3/11/2006"
"448",222989,"3/11/2017"
"449",287704,"3/12/2005"
"450",350646,"3/12/2011"
"451",228996,"3/12/2016"
"452",301549,"3/13/2004"
"453",408258,"3/13/2010"
"454",585612,"3/14/2009"
"455",245853,"3/14/2015"
"456",248987,"3/14/2020"
"457",358012,"3/15/2003"
"458",315817,"3/15/2008"
"459",271351,"3/15/2014"
"460",363151,"3/16/2002"
"461",312728,"3/16/2013"
"462",188609,"3/16/2019"
"463",331442,"3/17/2001"
"464",270763,"3/17/2007"
"465",319545,"3/17/2012"
"466",194040,"3/17/2018"
"467",236405,"3/18/2000"
"468",262645,"3/18/2006"
"469",226796,"3/18/2017"
"470",289072,"3/19/2005"
"471",353996,"3/19/2011"
"472",235268,"3/19/2016"
"473",382521,"3/2/2002"
"474",313710,"3/2/2013"
"475",207753,"3/2/2019"
"476",293971,"3/20/2004"
"477",407933,"3/20/2010"
"478",595314,"3/21/2009"
"479",238036,"3/21/2015"
"480",2883448,"3/21/2020"
"481",367924,"3/22/2003"
"482",337803,"3/22/2008"
"483",292651,"3/22/2014"
"484",382992,"3/23/2002"
"485",314810,"3/23/2013"
"486",182223,"3/23/2019"
"487",324008,"3/24/2001"
"488",265256,"3/24/2007"
"489",312980,"3/24/2012"
"490",199923,"3/24/2018"
"491",225722,"3/25/2000"
"492",251050,"3/25/2006"
"493",206632,"3/25/2017"
"494",291256,"3/26/2005"
"495",350538,"3/26/2011"
"496",242620,"3/26/2016"
"497",300761,"3/27/2004"
"498",417010,"3/27/2010"
"499",618250,"3/28/2009"
"500",251816,"3/28/2015"
"501",389923,"3/29/2003"
"502",353804,"3/29/2008"
"503",296801,"3/29/2014"
"504",373382,"3/3/2001"
"505",295458,"3/3/2007"
"506",336230,"3/3/2012"
"507",203306,"3/3/2018"
"508",425613,"3/30/2002"
"509",352785,"3/30/2013"
"510",194432,"3/30/2019"
"511",392724,"3/31/2001"
"512",325691,"3/31/2007"
"513",386426,"3/31/2012"
"514",229969,"3/31/2018"
"515",251234,"3/4/2000"
"516",291388,"3/4/2006"
"517",220334,"3/4/2017"
"518",304050,"3/5/2005"
"519",367515,"3/5/2011"
"520",235110,"3/5/2016"
"521",308972,"3/6/2004"
"522",434064,"3/6/2010"
"523",596337,"3/7/2009"
"524",258061,"3/7/2015"
"525",198497,"3/7/2020"
"526",386112,"3/8/2003"
"527",332746,"3/8/2008"
"528",283831,"3/8/2014"
"529",348283,"3/9/2002"
"530",297422,"3/9/2013"
"531",192710,"3/9/2019"
"532",268396,"4/1/2000"
"533",310589,"4/1/2006"
"534",237177,"4/1/2017"
"535",331217,"4/10/2004"
"536",429918,"4/10/2010"
"537",593785,"4/11/2009"
"538",277486,"4/11/2015"
"539",395308,"4/12/2003"
"540",324857,"4/12/2008"
"541",296861,"4/12/2014"
"542",379822,"4/13/2002"
"543",323051,"4/13/2013"
"544",210297,"4/13/2019"
"545",365351,"4/14/2001"
"546",301058,"4/14/2007"
"547",366661,"4/14/2012"
"548",198799,"4/14/2018"
"549",237884,"4/15/2000"
"550",288379,"4/15/2006"
"551",239671,"4/15/2017"
"552",296708,"4/16/2005"
"553",383814,"4/16/2011"
"554",243226,"4/16/2016"
"555",310788,"4/17/2004"
"556",424079,"4/17/2010"
"557",577509,"4/18/2009"
"558",248455,"4/18/2015"
"559",397522,"4/19/2003"
"560",334910,"4/19/2008"
"561",315793,"4/19/2014"
"562",334725,"4/2/2005"
"563",444263,"4/2/2011"
"564",268387,"4/2/2016"
"565",361354,"4/20/2002"
"566",298253,"4/20/2013"
"567",202990,"4/20/2019"
"568",348127,"4/21/2001"
"569",264360,"4/21/2007"
"570",330065,"4/21/2012"
"571",185097,"4/21/2018"
"572",244838,"4/22/2000"
"573",276308,"4/22/2006"
"574",208830,"4/22/2017"
"575",287103,"4/23/2005"
"576",414545,"4/23/2011"
"577",241494,"4/23/2016"
"578",279883,"4/24/2004"
"579",395203,"4/24/2010"
"580",532055,"4/25/2009"
"581",234317,"4/25/2015"
"582",373271,"4/26/2003"
"583",331987,"4/26/2008"
"584",286130,"4/26/2014"
"585",355963,"4/27/2002"
"586",298207,"4/27/2013"
"587",202318,"4/27/2019"
"588",332114,"4/28/2001"
"589",271389,"4/28/2007"
"590",337282,"4/28/2012"
"591",188958,"4/28/2018"
"592",254908,"4/29/2000"
"593",261177,"4/29/2006"
"594",213073,"4/29/2017"
"595",347054,"4/3/2004"
"596",510771,"4/3/2010"
"597",293806,"4/30/2005"
"598",393008,"4/30/2011"
"599",259729,"4/30/2016"
"600",607945,"4/4/2009"
"601",305152,"4/4/2015"
"602",430145,"4/5/2003"
"603",366057,"4/5/2008"
"604",315745,"4/5/2014"
"605",421183,"4/6/2002"
"606",355049,"4/6/2013"
"607",194503,"4/6/2019"
"608",344528,"4/7/2001"
"609",313487,"4/7/2007"
"610",367804,"4/7/2012"
"611",224664,"4/7/2018"
"612",232656,"4/8/2000"
"613",265382,"4/8/2006"
"614",224311,"4/8/2017"
"615",281774,"4/9/2005"
"616",377173,"4/9/2011"
"617",239984,"4/9/2016"
"618",289474,"5/1/2004"
"619",408778,"5/1/2010"
"620",358633,"5/10/2003"
"621",316299,"5/10/2008"
"622",284816,"5/10/2014"
"623",342344,"5/11/2002"
"624",299883,"5/11/2013"
"625",190287,"5/11/2019"
"626",334711,"5/12/2001"
"627",267106,"5/12/2007"
"628",326709,"5/12/2012"
"629",205747,"5/12/2018"
"630",230729,"5/13/2000"
"631",272174,"5/13/2006"
"632",208490,"5/13/2017"
"633",273063,"5/14/2005"
"634",372205,"5/14/2011"
"635",238578,"5/14/2016"
"636",290356,"5/15/2004"
"637",405836,"5/15/2010"
"638",533381,"5/16/2009"
"639",250528,"5/16/2015"
"640",355463,"5/17/2003"
"641",322928,"5/17/2008"
"642",272463,"5/17/2014"
"643",340433,"5/18/2002"
"644",315863,"5/18/2013"
"645",196312,"5/18/2019"
"646",339914,"5/19/2001"
"647",269833,"5/19/2007"
"648",342445,"5/19/2012"
"649",201237,"5/19/2018"
"650",565425,"5/2/2009"
"651",240320,"5/2/2015"
"652",235837,"5/20/2000"
"653",288884,"5/20/2006"
"654",228785,"5/20/2017"
"655",300425,"5/21/2005"
"656",376917,"5/21/2011"
"657",242978,"5/21/2016"
"658",300089,"5/22/2004"
"659",413966,"5/22/2010"
"660",495599,"5/23/2009"
"661",227126,"5/23/2015"
"662",348274,"5/24/2003"
"663",297028,"5/24/2008"
"664",260416,"5/24/2014"
"665",303987,"5/25/2002"
"666",290793,"5/25/2013"
"667",187838,"5/25/2019"
"668",331638,"5/26/2001"
"669",259344,"5/26/2007"
"670",320782,"5/26/2012"
"671",189952,"5/26/2018"
"672",238609,"5/27/2000"
"673",257027,"5/27/2006"
"674",209893,"5/27/2017"
"675",284912,"5/28/2005"
"676",362163,"5/28/2011"
"677",228791,"5/28/2016"
"678",303296,"5/29/2004"
"679",393409,"5/29/2010"
"680",360115,"5/3/2003"
"681",321880,"5/3/2008"
"682",268071,"5/3/2014"
"683",577358,"5/30/2009"
"684",271230,"5/30/2015"
"685",415887,"5/31/2003"
"686",367591,"5/31/2008"
"687",308508,"5/31/2014"
"688",352055,"5/4/2002"
"689",317005,"5/4/2013"
"690",186697,"5/4/2019"
"691",327500,"5/5/2001"
"692",255370,"5/5/2007"
"693",321234,"5/5/2012"
"694",193969,"5/5/2018"
"695",228084,"5/6/2000"
"696",260222,"5/6/2006"
"697",204978,"5/6/2017"
"698",272352,"5/7/2005"
"699",357060,"5/7/2011"
"700",242944,"5/7/2016"
"701",293463,"5/8/2004"
"702",409647,"5/8/2010"
"703",536209,"5/9/2009"
"704",241160,"5/9/2015"
"705",372259,"6/1/2002"
"706",327564,"6/1/2013"
"707",217466,"6/1/2019"
"708",261067,"6/10/2000"
"709",273497,"6/10/2006"
"710",226689,"6/10/2017"
"711",286311,"6/11/2005"
"712",387691,"6/11/2011"
"713",245408,"6/11/2016"
"714",318791,"6/12/2004"
"715",421465,"6/12/2010"
"716",567335,"6/13/2009"
"717",260649,"6/13/2015"
"718",372647,"6/14/2003"
"719",354308,"6/14/2008"
"720",301718,"6/14/2014"
"721",354070,"6/15/2002"
"722",333089,"6/15/2013"
"723",223195,"6/15/2019"
"724",347222,"6/16/2001"
"725",289042,"6/16/2007"
"726",365787,"6/16/2012"
"727",220646,"6/16/2018"
"728",268910,"6/17/2000"
"729",283743,"6/17/2006"
"730",237407,"6/17/2017"
"731",283290,"6/18/2005"
"732",401987,"6/18/2011"
"733",261221,"6/18/2016"
"734",315438,"6/19/2004"
"735",439577,"6/19/2010"
"736",391273,"6/2/2001"
"737",297202,"6/2/2007"
"738",372953,"6/2/2012"
"739",214774,"6/2/2018"
"740",559069,"6/20/2009"
"741",271976,"6/20/2015"
"742",390268,"6/21/2003"
"743",364995,"6/21/2008"
"744",302631,"6/21/2014"
"745",353906,"6/22/2002"
"746",331683,"6/22/2013"
"747",222414,"6/22/2019"
"748",370916,"6/23/2001"
"749",297171,"6/23/2007"
"750",365804,"6/23/2012"
"751",229904,"6/23/2018"
"752",276742,"6/24/2000"
"753",300861,"6/24/2006"
"754",250751,"6/24/2017"
"755",323368,"6/25/2005"
"756",421457,"6/25/2011"
"757",265178,"6/25/2016"
"758",345633,"6/26/2004"
"759",465935,"6/26/2010"
"760",581764,"6/27/2009"
"761",300126,"6/27/2015"
"762",478897,"6/28/2003"
"763",397882,"6/28/2008"
"764",318720,"6/28/2014"
"765",452587,"6/29/2002"
"766",380101,"6/29/2013"
"767",230015,"6/29/2019"
"768",262276,"6/3/2000"
"769",281978,"6/3/2006"
"770",231400,"6/3/2017"
"771",522239,"6/30/2001"
"772",412949,"6/30/2007"
"773",438495,"6/30/2012"
"774",262003,"6/30/2018"
"775",311192,"6/4/2005"
"776",396361,"6/4/2011"
"777",263074,"6/4/2016"
"778",310567,"6/5/2004"
"779",441777,"6/5/2010"
"780",556189,"6/6/2009"
"781",255669,"6/6/2015"
"782",379482,"6/7/2003"
"783",345443,"6/7/2008"
"784",297752,"6/7/2014"
"785",351084,"6/8/2002"
"786",333023,"6/8/2013"
"787",202974,"6/8/2019"
"788",350346,"6/9/2001"
"789",286976,"6/9/2007"
"790",359120,"6/9/2012"
"791",202875,"6/9/2018"
"792",358122,"7/1/2000"
"793",413826,"7/1/2006"
"794",278740,"7/1/2017"
"795",390205,"7/10/2004"
"796",496295,"7/10/2010"
"797",585230,"7/11/2009"
"798",260021,"7/11/2015"
"799",424927,"7/12/2003"
"800",399162,"7/12/2008"
"801",283527,"7/12/2014"
"802",390010,"7/13/2002"
"803",337047,"7/13/2013"
"804",194420,"7/13/2019"
"805",401116,"7/14/2001"
"806",294230,"7/14/2007"
"807",336361,"7/14/2012"
"808",199265,"7/14/2018"
"809",292160,"7/15/2000"
"810",285275,"7/15/2006"
"811",217557,"7/15/2017"
"812",291297,"7/16/2005"
"813",363924,"7/16/2011"
"814",229643,"7/16/2016"
"815",309888,"7/17/2004"
"816",408009,"7/17/2010"
"817",511511,"7/18/2009"
"818",228011,"7/18/2015"
"819",345498,"7/19/2003"
"820",373717,"7/19/2008"
"821",255088,"7/19/2014"
"822",422106,"7/2/2005"
"823",469915,"7/2/2011"
"824",295510,"7/2/2016"
"825",334616,"7/20/2002"
"826",278946,"7/20/2013"
"827",177214,"7/20/2019"
"828",330575,"7/21/2001"
"829",256991,"7/21/2007"
"830",309345,"7/21/2012"
"831",178093,"7/21/2018"
"832",250209,"7/22/2000"
"833",259253,"7/22/2006"
"834",196655,"7/22/2017"
"835",259980,"7/23/2005"
"836",337112,"7/23/2011"
"837",217783,"7/23/2016"
"838",279742,"7/24/2004"
"839",397690,"7/24/2010"
"840",468102,"7/25/2009"
"841",221763,"7/25/2015"
"842",330227,"7/26/2003"
"843",377593,"7/26/2008"
"844",245135,"7/26/2014"
"845",321726,"7/27/2002"
"846",285276,"7/27/2013"
"847",178031,"7/27/2019"
"848",335708,"7/28/2001"
"849",265459,"7/28/2007"
"850",317924,"7/28/2012"
"851",182867,"7/28/2018"
"852",261686,"7/29/2000"
"853",270401,"7/29/2006"
"854",209197,"7/29/2017"
"855",439694,"7/3/2004"
"856",510377,"7/3/2010"
"857",264635,"7/30/2005"
"858",351902,"7/30/2011"
"859",228505,"7/30/2016"
"860",287502,"7/31/2004"
"861",421910,"7/31/2010"
"862",672009,"7/4/2009"
"863",340438,"7/4/2015"
"864",546935,"7/5/2003"
"865",470720,"7/5/2008"
"866",366314,"7/5/2014"
"867",500619,"7/6/2002"
"868",406604,"7/6/2013"
"869",241034,"7/6/2019"
"870",517662,"7/7/2001"
"871",379233,"7/7/2007"
"872",450694,"7/7/2012"
"873",230145,"7/7/2018"
"874",371767,"7/8/2000"
"875",371869,"7/8/2006"
"876",253421,"7/8/2017"
"877",369849,"7/9/2005"
"878",463808,"7/9/2011"
"879",265461,"7/9/2016"
"880",482044,"8/1/2009"
"881",236020,"8/1/2015"
"882",309352,"8/10/2002"
"883",277965,"8/10/2013"
"884",169643,"8/10/2019"
"885",312576,"8/11/2001"
"886",253811,"8/11/2007"
"887",307941,"8/11/2012"
"888",171593,"8/11/2018"
"889",247703,"8/12/2000"
"890",248054,"8/12/2006"
"891",192924,"8/12/2017"
"892",247996,"8/13/2005"
"893",339745,"8/13/2011"
"894",214460,"8/13/2016"
"895",270909,"8/14/2004"
"896",379350,"8/14/2010"
"897",455471,"8/15/2009"
"898",224238,"8/15/2015"
"899",309480,"8/16/2003"
"900",336542,"8/16/2008"
"901",246246,"8/16/2014"
"902",310181,"8/17/2002"
"903",276782,"8/17/2013"
"904",175163,"8/17/2019"
"905",303754,"8/18/2001"
"906",262537,"8/18/2007"
"907",308829,"8/18/2012"
"908",174233,"8/18/2018"
"909",234024,"8/19/2000"
"910",247101,"8/19/2006"
"911",194239,"8/19/2017"
"912",343853,"8/2/2003"
"913",366208,"8/2/2008"
"914",266126,"8/2/2014"
"915",249095,"8/20/2005"
"916",332493,"8/20/2011"
"917",213844,"8/20/2016"
"918",272856,"8/21/2004"
"919",378072,"8/21/2010"
"920",455637,"8/22/2009"
"921",228277,"8/22/2015"
"922",315612,"8/23/2003"
"923",353816,"8/23/2008"
"924",247199,"8/23/2014"
"925",306667,"8/24/2002"
"926",266435,"8/24/2013"
"927",178125,"8/24/2019"
"928",314347,"8/25/2001"
"929",254401,"8/25/2007"
"930",306870,"8/25/2012"
"931",172175,"8/25/2018"
"932",238836,"8/26/2000"
"933",255435,"8/26/2006"
"934",248670,"8/26/2017"
"935",267388,"8/27/2005"
"936",345722,"8/27/2011"
"937",215701,"8/27/2016"
"938",271948,"8/28/2004"
"939",376716,"8/28/2010"
"940",464930,"8/29/2009"
"941",229807,"8/29/2015"
"942",328164,"8/3/2002"
"943",279267,"8/3/2013"
"944",185050,"8/3/2019"
"945",319291,"8/30/2003"
"946",330805,"8/30/2008"
"947",232495,"8/30/2014"
"948",314791,"8/31/2002"
"949",227407,"8/31/2013"
"950",158759,"8/31/2019"
"951",327624,"8/4/2001"
"952",261189,"8/4/2007"
"953",313359,"8/4/2012"
"954",177870,"8/4/2018"
"955",257122,"8/5/2000"
"956",251929,"8/5/2006"
"957",195992,"8/5/2017"
"958",252625,"8/6/2005"
"959",342375,"8/6/2011"
"960",217355,"8/6/2016"
"961",259386,"8/7/2004"
"962",399811,"8/7/2010"
"963",456542,"8/8/2009"
"964",226625,"8/8/2015"
"965",308156,"8/9/2003"
"966",335031,"8/9/2008"
"967",246604,"8/9/2014"
"968",305680,"9/1/2001"
"969",242213,"9/1/2007"
"970",295601,"9/1/2012"
"971",161235,"9/1/2018"
"972",342242,"9/10/2005"
"973",349958,"9/10/2011"
"974",203756,"9/10/2016"
"975",274296,"9/11/2004"
"976",378003,"9/11/2010"
"977",437541,"9/12/2009"
"978",217212,"9/12/2015"
"979",297941,"9/13/2003"
"980",392857,"9/13/2008"
"981",237543,"9/13/2014"
"982",313371,"9/14/2002"
"983",253096,"9/14/2013"
"984",173922,"9/14/2019"
"985",348457,"9/15/2001"
"986",244476,"9/15/2007"
"987",300093,"9/15/2012"
"988",171525,"9/15/2018"
"989",217879,"9/16/2000"
"990",257950,"9/16/2006"
"991",212164,"9/16/2017"
"992",288929,"9/17/2005"
"993",323902,"9/17/2011"
"994",196886,"9/17/2016"
"995",276897,"9/18/2004"
"996",367960,"9/18/2010"
"997",445177,"9/19/2009"
"998",212830,"9/19/2015"
"999",225273,"9/2/2000"
"1000",236592,"9/2/2006"
"1001",211323,"9/2/2017"
"1002",301579,"9/20/2003"
"1003",387911,"9/20/2008"
"1004",225576,"9/20/2014"
"1005",315296,"9/21/2002"
"1006",249016,"9/21/2013"
"1007",171730,"9/21/2019"
"1008",395736,"9/22/2001"
"1009",252373,"9/22/2007"
"1010",297381,"9/22/2012"
"1011",170454,"9/22/2018"
"1012",221767,"9/23/2000"
"1013",246499,"9/23/2006"
"1014",202986,"9/23/2017"
"1015",310622,"9/24/2005"
"1016",328333,"9/24/2011"
"1017",198508,"9/24/2016"
"1018",275180,"9/25/2004"
"1019",369612,"9/25/2010"
"1020",452031,"9/26/2009"
"1021",225049,"9/26/2015"
"1022",334458,"9/27/2003"
"1023",422855,"9/27/2008"
"1024",255100,"9/27/2014"
"1025",361303,"9/28/2002"
"1026",332326,"9/28/2013"
"1027",186126,"9/28/2019"
"1028",435426,"9/29/2001"
"1029",294804,"9/29/2007"
"1030",325915,"9/29/2012"
"1031",191863,"9/29/2018"
"1032",318814,"9/3/2005"
"1033",324267,"9/3/2011"
"1034",191394,"9/3/2016"
"1035",288775,"9/30/2000"
"1036",303372,"9/30/2006"
"1037",227448,"9/30/2017"
"1038",247786,"9/4/2004"
"1039",338021,"9/4/2010"
"1040",410419,"9/5/2009"
"1041",196989,"9/5/2015"
"1042",324941,"9/6/2003"
"1043",375821,"9/6/2008"
"1044",239930,"9/6/2014"
"1045",333458,"9/7/2002"
"1046",269854,"9/7/2013"
"1047",171518,"9/7/2019"
"1048",312922,"9/8/2001"
"1049",258014,"9/8/2007"
"1050",327092,"9/8/2012"
"1051",172245,"9/8/2018"
"1052",241301,"9/9/2000"
"1053",262935,"9/9/2006"
"1054",210263,"9/9/2017"
